Direction,Protocol,Entity,Configuration,Model,Target subject,Accuracy,Balanced accuracy,Macro precision,Macro recall,Macro F1,Log loss
PAMAP2-6g -> MHEALTH,All features - raw,Chest acceleration,Chest acceleration,Logistic regression,M01,0.14285714285714285,0.16666666666666666,0.03333333333333333,0.16666666666666666,0.05555555555555556,19.90977581728909
PAMAP2-6g -> MHEALTH,All features - raw,Chest acceleration,Chest acceleration,Logistic regression,M02,0.14285714285714285,0.16666666666666666,0.03333333333333333,0.16666666666666666,0.05555555555555556,20.764724049350917
PAMAP2-6g -> MHEALTH,All features - raw,Chest acceleration,Chest acceleration,Logistic regression,M03,0.14285714285714285,0.16666666666666666,0.03333333333333333,0.16666666666666666,0.05555555555555556,20.270868112787788
PAMAP2-6g -> MHEALTH,All features - raw,Chest acceleration,Chest acceleration,Logistic regression,M04,0.14285714285714285,0.16666666666666666,0.03333333333333333,0.16666666666666666,0.05555555555555556,19.81418909047623
PAMAP2-6g -> MHEALTH,All features - raw,Chest acceleration,Chest acceleration,Logistic regression,M05,0.14285714285714285,0.16666666666666666,0.03333333333333333,0.16666666666666666,0.05555555555555556,18.656719195904905
PAMAP2-6g -> MHEALTH,All features - raw,Chest acceleration,Chest acceleration,Logistic regression,M06,0.14285714285714285,0.16666666666666666,0.03333333333333333,0.16666666666666666,0.05555555555555556,18.50729051812018
PAMAP2-6g -> MHEALTH,All features - raw,Chest acceleration,Chest acceleration,Logistic regression,M07,0.14285714285714285,0.16666666666666666,0.03333333333333333,0.16666666666666666,0.05555555555555556,19.817216354718386
PAMAP2-6g -> MHEALTH,All features - raw,Chest acceleration,Chest acceleration,Logistic regression,M08,0.14285714285714285,0.16666666666666666,0.03333333333333333,0.16666666666666666,0.05555555555555556,20.55385378334609
PAMAP2-6g -> MHEALTH,All features - raw,Chest acceleration,Chest acceleration,Logistic regression,M09,0.19148936170212766,0.1950354609929078,0.19999999999999998,0.1950354609929078,0.10404040404040404,17.321676538550008
PAMAP2-6g -> MHEALTH,All features - raw,Chest acceleration,Chest acceleration,Logistic regression,M10,0.14285714285714285,0.16666666666666666,0.033192090395480225,0.16666666666666666,0.055359246171967025,16.93420097718843
PAMAP2-6g -> MHEALTH,All features - raw,Ankle acceleration,Ankle acceleration,Logistic regression,M01,0.11246200607902736,0.0673758865248227,0.167420814479638,0.0673758865248227,0.09355147340221968,9.050709446941108
PAMAP2-6g -> MHEALTH,All features - raw,Ankle acceleration,Ankle acceleration,Logistic regression,M02,0.0121580547112462,0.014184397163120567,0.16666666666666666,0.014184397163120567,0.026143790849673203,11.377564290314249
PAMAP2-6g -> MHEALTH,All features - raw,Ankle acceleration,Ankle acceleration,Logistic regression,M03,0.0,0.0,0.0,0.0,0.0,11.979138788495291
PAMAP2-6g -> MHEALTH,All features - raw,Ankle acceleration,Ankle acceleration,Logistic regression,M04,0.0,0.0,0.0,0.0,0.0,11.49317368506543
PAMAP2-6g -> MHEALTH,All features - raw,Ankle acceleration,Ankle acceleration,Logistic regression,M05,0.00911854103343465,0.010638297872340425,0.0022935779816513763,0.010638297872340425,0.003773584905660378,11.562334718431664
PAMAP2-6g -> MHEALTH,All features - raw,Ankle acceleration,Ankle acceleration,Logistic regression,M06,0.0,0.0,0.0,0.0,0.0,11.346884285096637
PAMAP2-6g -> MHEALTH,All features - raw,Ankle acceleration,Ankle acceleration,Logistic regression,M07,0.14285714285714285,0.16666666666666666,0.027582159624413145,0.16666666666666666,0.04733131923464249,11.144078836329061
PAMAP2-6g -> MHEALTH,All features - raw,Ankle acceleration,Ankle acceleration,Logistic regression,M08,0.0,0.0,0.0,0.0,0.0,10.643641191960052
PAMAP2-6g -> MHEALTH,All features - raw,Ankle acceleration,Ankle acceleration,Logistic regression,M09,0.0,0.0,0.0,0.0,0.0,12.93683843553455
PAMAP2-6g -> MHEALTH,All features - raw,Ankle acceleration,Ankle acceleration,Logistic regression,M10,0.00303951367781155,0.0035460992907801418,0.0007215007215007215,0.0035460992907801418,0.0011990407673860913,11.903691580735911
PAMAP2-6g -> MHEALTH,All features - raw,Ankle acceleration and gyroscope,Ankle acceleration and gyroscope,Logistic regression,M01,0.0,0.0,0.0,0.0,0.0,19.131828107640114
PAMAP2-6g -> MHEALTH,All features - raw,Ankle acceleration and gyroscope,Ankle acceleration and gyroscope,Logistic regression,M02,0.0,0.0,0.0,0.0,0.0,17.434602749004238
PAMAP2-6g -> MHEALTH,All features - raw,Ankle acceleration and gyroscope,Ankle acceleration and gyroscope,Logistic regression,M03,0.0,0.0,0.0,0.0,0.0,21.099195411639908
PAMAP2-6g -> MHEALTH,All features - raw,Ankle acceleration and gyroscope,Ankle acceleration and gyroscope,Logistic regression,M04,0.0,0.0,0.0,0.0,0.0,20.192272113238094
PAMAP2-6g -> MHEALTH,All features - raw,Ankle acceleration and gyroscope,Ankle acceleration and gyroscope,Logistic regression,M05,0.0,0.0,0.0,0.0,0.0,19.211655603272416
PAMAP2-6g -> MHEALTH,All features - raw,Ankle acceleration and gyroscope,Ankle acceleration and gyroscope,Logistic regression,M06,0.0,0.0,0.0,0.0,0.0,21.576171448002107
PAMAP2-6g -> MHEALTH,All features - raw,Ankle acceleration and gyroscope,Ankle acceleration and gyroscope,Logistic regression,M07,0.14285714285714285,0.16666666666666666,0.03544494720965309,0.16666666666666666,0.058457711442786074,18.354782194169406
PAMAP2-6g -> MHEALTH,All features - raw,Ankle acceleration and gyroscope,Ankle acceleration and gyroscope,Logistic regression,M08,0.0,0.0,0.0,0.0,0.0,18.219635920365675
PAMAP2-6g -> MHEALTH,All features - raw,Ankle acceleration and gyroscope,Ankle acceleration and gyroscope,Logistic regression,M09,0.0,0.0,0.0,0.0,0.0,21.32532406610282
PAMAP2-6g -> MHEALTH,All features - raw,Ankle acceleration and gyroscope,Ankle acceleration and gyroscope,Logistic regression,M10,0.0,0.0,0.0,0.0,0.0,21.101613183866736
PAMAP2-6g -> MHEALTH,All features - raw,Chest and ankle acceleration,Chest and ankle acceleration,Logistic regression,M01,0.42857142857142855,0.3333333333333333,0.19999999999999998,0.3333333333333333,0.22222222222222224,15.846729404851297
PAMAP2-6g -> MHEALTH,All features - raw,Chest and ankle acceleration,Chest and ankle acceleration,Logistic regression,M02,0.2735562310030395,0.2429078014184397,0.19999999999999998,0.2429078014184397,0.16017842660178427,15.29034234651635
PAMAP2-6g -> MHEALTH,All features - raw,Chest and ankle acceleration,Chest and ankle acceleration,Logistic regression,M03,0.2826747720364742,0.24822695035460993,0.19999999999999998,0.24822695035460993,0.16507936507936508,17.602723735525405
PAMAP2-6g -> MHEALTH,All features - raw,Chest and ankle acceleration,Chest and ankle acceleration,Logistic regression,M04,0.4072948328267477,0.32092198581560283,0.19985875706214687,0.32092198581560283,0.21558024064710515,15.237537636733457
PAMAP2-6g -> MHEALTH,All features - raw,Chest and ankle acceleration,Chest and ankle acceleration,Logistic regression,M05,0.3981762917933131,0.31560283687943264,0.1990358126721763,0.31560283687943264,0.21151329004833921,15.88687884536779
PAMAP2-6g -> MHEALTH,All features - raw,Chest and ankle acceleration,Chest and ankle acceleration,Logistic regression,M06,0.26443768996960487,0.23758865248226949,0.19799999999999998,0.23758865248226949,0.15225220697857514,16.74593659697627
PAMAP2-6g -> MHEALTH,All features - raw,Chest and ankle acceleration,Chest and ankle acceleration,Logistic regression,M07,0.270516717325228,0.24113475177304963,0.19424882629107984,0.24113475177304963,0.15027249570523074,16.520660740074305
PAMAP2-6g -> MHEALTH,All features - raw,Chest and ankle acceleration,Chest and ankle acceleration,Logistic regression,M08,0.2887537993920973,0.25177304964539005,0.1995798319327731,0.25177304964539005,0.16764681657194627,16.55381965885038
PAMAP2-6g -> MHEALTH,All features - raw,Chest and ankle acceleration,Chest and ankle acceleration,Logistic regression,M09,0.2857142857142857,0.25,0.19930555555555554,0.25,0.16569879984514133,17.45525917849635
PAMAP2-6g -> MHEALTH,All features - raw,Chest and ankle acceleration,Chest and ankle acceleration,Logistic regression,M10,0.3343465045592705,0.2783687943262411,0.19999999999999998,0.2783687943262411,0.18931351733899504,15.975724364074848
PAMAP2-6g -> MHEALTH,All features - raw,Full common configuration,Full common configuration,Logistic regression,M01,0.14285714285714285,0.16666666666666666,0.03333333333333333,0.16666666666666666,0.05555555555555556,19.44809946156973
PAMAP2-6g -> MHEALTH,All features - raw,Full common configuration,Full common configuration,Logistic regression,M02,0.1276595744680851,0.14893617021276595,0.030434782608695653,0.14893617021276595,0.05054151624548736,19.005771709642808
PAMAP2-6g -> MHEALTH,All features - raw,Full common configuration,Full common configuration,Logistic regression,M03,0.1337386018237082,0.15602836879432624,0.03160919540229885,0.15602836879432624,0.05256869772998805,22.81791825166078
PAMAP2-6g -> MHEALTH,All features - raw,Full common configuration,Full common configuration,Logistic regression,M04,0.13677811550151975,0.1595744680851064,0.032188841201716736,0.1595744680851064,0.053571428571428575,19.83691668060257
PAMAP2-6g -> MHEALTH,All features - raw,Full common configuration,Full common configuration,Logistic regression,M05,0.14285714285714285,0.16666666666666666,0.03333333333333333,0.16666666666666666,0.05555555555555556,19.499354458150894
PAMAP2-6g -> MHEALTH,All features - raw,Full common configuration,Full common configuration,Logistic regression,M06,0.14285714285714285,0.16666666666666666,0.03333333333333333,0.16666666666666666,0.05555555555555556,20.930774149048116
PAMAP2-6g -> MHEALTH,All features - raw,Full common configuration,Full common configuration,Logistic regression,M07,0.14285714285714285,0.16666666666666666,0.03333333333333333,0.16666666666666666,0.05555555555555556,20.518625596400796
PAMAP2-6g -> MHEALTH,All features - raw,Full common configuration,Full common configuration,Logistic regression,M08,0.15501519756838905,0.17375886524822695,0.1668091168091168,0.17375886524822695,0.06922127562696959,19.839147788716943
PAMAP2-6g -> MHEALTH,All features - raw,Full common configuration,Full common configuration,Logistic regression,M09,0.14285714285714285,0.16666666666666666,0.03333333333333333,0.16666666666666666,0.05555555555555556,21.300670756645008
PAMAP2-6g -> MHEALTH,All features - raw,Full common configuration,Full common configuration,Logistic regression,M10,0.14285714285714285,0.16666666666666666,0.03333333333333333,0.16666666666666666,0.05555555555555556,21.19215711957841
PAMAP2-6g -> MHEALTH,Magnitude only - raw,Chest acceleration,Chest acceleration,Logistic regression,M01,0.5167173252279635,0.43971631205673756,0.4518020069844162,0.43971631205673756,0.4143620007162006,1.3910616034319552
PAMAP2-6g -> MHEALTH,Magnitude only - raw,Chest acceleration,Chest acceleration,Logistic regression,M02,0.5075987841945289,0.4574468085106383,0.45679233348847753,0.4574468085106383,0.40989090768577857,1.4459961106094181
PAMAP2-6g -> MHEALTH,Magnitude only - raw,Chest acceleration,Chest acceleration,Logistic regression,M03,0.574468085106383,0.5035460992907802,0.5703703703703703,0.5035460992907802,0.4141148098892675,1.6008907739477298
PAMAP2-6g -> MHEALTH,Magnitude only - raw,Chest acceleration,Chest acceleration,Logistic regression,M04,0.5805471124620061,0.5106382978723404,0.5423728813559322,0.5106382978723404,0.4362413534088823,1.249706304721142
PAMAP2-6g -> MHEALTH,Magnitude only - raw,Chest acceleration,Chest acceleration,Logistic regression,M05,0.5927051671732523,0.524822695035461,0.5369589176452704,0.524822695035461,0.4423925215776248,1.7391605045709484
PAMAP2-6g -> MHEALTH,Magnitude only - raw,Chest acceleration,Chest acceleration,Logistic regression,M06,0.5683890577507599,0.4964539007092199,0.47091893613632746,0.4964539007092199,0.41268994188419456,1.4892399851316318
PAMAP2-6g -> MHEALTH,Magnitude only - raw,Chest acceleration,Chest acceleration,Logistic regression,M07,0.5501519756838906,0.4751773049645391,0.45900900900900904,0.4751773049645391,0.3962869055668244,1.4475263536913945
PAMAP2-6g -> MHEALTH,Magnitude only - raw,Chest acceleration,Chest acceleration,Logistic regression,M08,0.5015197568389058,0.46631205673758863,0.4847318248481039,0.46631205673758863,0.36587402169474514,1.6321486054261032
PAMAP2-6g -> MHEALTH,Magnitude only - raw,Chest acceleration,Chest acceleration,Logistic regression,M09,0.5623100303951368,0.4911347517730496,0.3706219806763285,0.4911347517730496,0.395622746706338,1.442774446008612
PAMAP2-6g -> MHEALTH,Magnitude only - raw,Chest acceleration,Chest acceleration,Logistic regression,M10,0.5714285714285714,0.50177304964539,0.5386424731182796,0.50177304964539,0.4048710389481925,1.7831999170427686
PAMAP2-6g -> MHEALTH,Magnitude only - raw,Ankle acceleration,Ankle acceleration,Logistic regression,M01,0.7112462006079028,0.6666666666666666,0.7158163265306122,0.6666666666666666,0.585459073658789,0.5595617707311343
PAMAP2-6g -> MHEALTH,Magnitude only - raw,Ankle acceleration,Ankle acceleration,Logistic regression,M02,0.6930091185410334,0.6418439716312057,0.5489656322989657,0.6418439716312057,0.5741950013421246,0.5848777139915395
PAMAP2-6g -> MHEALTH,Magnitude only - raw,Ankle acceleration,Ankle acceleration,Logistic regression,M03,0.6382978723404256,0.6347517730496454,0.5444925095807688,0.6347517730496454,0.5555297960361252,0.7189986930259636
PAMAP2-6g -> MHEALTH,Magnitude only - raw,Ankle acceleration,Ankle acceleration,Logistic regression,M04,0.5987841945288754,0.599290780141844,0.5035422717355181,0.599290780141844,0.5102308802308801,0.8084019479059632
PAMAP2-6g -> MHEALTH,Magnitude only - raw,Ankle acceleration,Ankle acceleration,Logistic regression,M05,0.6565349544072948,0.6453900709219859,0.7916493704164936,0.6453900709219859,0.5679712759709656,0.6499658064165786
PAMAP2-6g -> MHEALTH,Magnitude only - raw,Ankle acceleration,Ankle acceleration,Logistic regression,M06,0.7416413373860182,0.6985815602836879,0.6505608283002587,0.6985815602836879,0.6412348335425259,0.514965309629022
PAMAP2-6g -> MHEALTH,Magnitude only - raw,Ankle acceleration,Ankle acceleration,Logistic regression,M07,0.6869300911854104,0.6560283687943262,0.6883485340663001,0.6560283687943262,0.5741063448958187,0.6149943590860698
PAMAP2-6g -> MHEALTH,Magnitude only - raw,Ankle acceleration,Ankle acceleration,Logistic regression,M08,0.5896656534954408,0.5620567375886525,0.507308201058201,0.5620567375886525,0.5050588343052097,0.8011403622176335
PAMAP2-6g -> MHEALTH,Magnitude only - raw,Ankle acceleration,Ankle acceleration,Logistic regression,M09,0.6960486322188449,0.6613475177304965,0.6633377425044092,0.6613475177304965,0.586947114825837,0.6080530810786382
PAMAP2-6g -> MHEALTH,Magnitude only - raw,Ankle acceleration,Ankle acceleration,Logistic regression,M10,0.7142857142857143,0.6666666666666666,0.5559523809523809,0.6666666666666666,0.5837789661319074,0.5307458681062653
PAMAP2-6g -> MHEALTH,Magnitude only - raw,Ankle acceleration and gyroscope,Ankle acceleration and gyroscope,Logistic regression,M01,0.2006079027355623,0.23404255319148937,0.09274193548387095,0.23404255319148937,0.12477064220183487,4.91074441968694
PAMAP2-6g -> MHEALTH,Magnitude only - raw,Ankle acceleration and gyroscope,Ankle acceleration and gyroscope,Logistic regression,M02,0.3495440729483283,0.3333333333333333,0.2674210839785586,0.3333333333333333,0.24646573506205702,3.3108277994625346
PAMAP2-6g -> MHEALTH,Magnitude only - raw,Ankle acceleration and gyroscope,Ankle acceleration and gyroscope,Logistic regression,M03,0.3890577507598784,0.37056737588652483,0.28125,0.37056737588652483,0.2736985236985237,4.412372526572188
PAMAP2-6g -> MHEALTH,Magnitude only - raw,Ankle acceleration and gyroscope,Ankle acceleration and gyroscope,Logistic regression,M04,0.23100303951367782,0.26595744680851063,0.26365941078765626,0.26595744680851063,0.14395079903738453,5.419689369699165
PAMAP2-6g -> MHEALTH,Magnitude only - raw,Ankle acceleration and gyroscope,Ankle acceleration and gyroscope,Logistic regression,M05,0.2553191489361702,0.2978723404255319,0.13653846153846153,0.2978723404255319,0.1767857142857143,5.040013221462906
PAMAP2-6g -> MHEALTH,Magnitude only - raw,Ankle acceleration and gyroscope,Ankle acceleration and gyroscope,Logistic regression,M06,0.2826747720364742,0.299645390070922,0.2760721247563353,0.299645390070922,0.20150728038398658,3.966409541487786
PAMAP2-6g -> MHEALTH,Magnitude only - raw,Ankle acceleration and gyroscope,Ankle acceleration and gyroscope,Logistic regression,M07,0.24316109422492402,0.28368794326241137,0.1056201550387597,0.28368794326241137,0.1493734335839599,5.095106815193422
PAMAP2-6g -> MHEALTH,Magnitude only - raw,Ankle acceleration and gyroscope,Ankle acceleration and gyroscope,Logistic regression,M08,0.3495440729483283,0.3280141843971631,0.2665432606609077,0.3280141843971631,0.24845061749643346,3.6829732387948138
PAMAP2-6g -> MHEALTH,Magnitude only - raw,Ankle acceleration and gyroscope,Ankle acceleration and gyroscope,Logistic regression,M09,0.2917933130699088,0.28191489361702127,0.24683393070489845,0.28191489361702127,0.20310136939321843,3.8382768830738305
PAMAP2-6g -> MHEALTH,Magnitude only - raw,Ankle acceleration and gyroscope,Ankle acceleration and gyroscope,Logistic regression,M10,0.25227963525835867,0.2677304964539007,0.2556960500963391,0.2677304964539007,0.1722017910813692,4.001631263372238
PAMAP2-6g -> MHEALTH,Magnitude only - raw,Chest and ankle acceleration,Chest and ankle acceleration,Logistic regression,M01,0.5592705167173252,0.4875886524822695,0.5286184210526316,0.4875886524822695,0.46368344400868744,1.3090912323535928
PAMAP2-6g -> MHEALTH,Magnitude only - raw,Chest and ankle acceleration,Chest and ankle acceleration,Logistic regression,M02,0.5896656534954408,0.5212765957446809,0.5361842105263158,0.5212765957446809,0.48811220280507017,1.2623196929888267
PAMAP2-6g -> MHEALTH,Magnitude only - raw,Chest and ankle acceleration,Chest and ankle acceleration,Logistic regression,M03,0.6443768996960486,0.5851063829787234,0.5730555555555555,0.5851063829787234,0.5297217638864075,1.4016697483484806
PAMAP2-6g -> MHEALTH,Magnitude only - raw,Chest and ankle acceleration,Chest and ankle acceleration,Logistic regression,M04,0.6139817629179332,0.5496453900709221,0.5870315581854043,0.5496453900709221,0.48735966760717647,1.0923627473227417
PAMAP2-6g -> MHEALTH,Magnitude only - raw,Chest and ankle acceleration,Chest and ankle acceleration,Logistic regression,M05,0.6109422492401215,0.5460992907801419,0.5447619047619048,0.5460992907801419,0.4761261261261261,1.667379073351205
PAMAP2-6g -> MHEALTH,Magnitude only - raw,Chest and ankle acceleration,Chest and ankle acceleration,Logistic regression,M06,0.6048632218844985,0.5390070921985816,0.5438095238095239,0.5390070921985816,0.47019901257189395,1.3404382820964411
PAMAP2-6g -> MHEALTH,Magnitude only - raw,Chest and ankle acceleration,Chest and ankle acceleration,Logistic regression,M07,0.6261398176291794,0.5638297872340425,0.546078431372549,0.5638297872340425,0.49783764622474297,1.152675513809306
PAMAP2-6g -> MHEALTH,Magnitude only - raw,Chest and ankle acceleration,Chest and ankle acceleration,Logistic regression,M08,0.5623100303951368,0.49822695035460995,0.42471401968608674,0.49822695035460995,0.4104468122070521,1.5067503702645928
PAMAP2-6g -> MHEALTH,Magnitude only - raw,Chest and ankle acceleration,Chest and ankle acceleration,Logistic regression,M09,0.574468085106383,0.5035460992907802,0.4587813620071685,0.5035460992907802,0.4073749671542437,1.3227069545761594
PAMAP2-6g -> MHEALTH,Magnitude only - raw,Chest and ankle acceleration,Chest and ankle acceleration,Logistic regression,M10,0.601823708206687,0.5372340425531915,0.5306186868686869,0.5372340425531915,0.46484307100440764,1.6040271363851646
PAMAP2-6g -> MHEALTH,Magnitude only - raw,Full common configuration,Full common configuration,Logistic regression,M01,0.25227963525835867,0.29432624113475175,0.08577468477569498,0.29432624113475175,0.13269600769600767,6.3502673389979645
PAMAP2-6g -> MHEALTH,Magnitude only - raw,Full common configuration,Full common configuration,Logistic regression,M02,0.3768996960486322,0.3829787234042554,0.27014652014652013,0.3829787234042554,0.24173909067860364,4.719861289621024
PAMAP2-6g -> MHEALTH,Magnitude only - raw,Full common configuration,Full common configuration,Logistic regression,M03,0.4194528875379939,0.40070921985815605,0.2720873114708731,0.40070921985815605,0.2732652725380024,5.140312894410768
PAMAP2-6g -> MHEALTH,Magnitude only - raw,Full common configuration,Full common configuration,Logistic regression,M04,0.3009118541033435,0.32978723404255317,0.2590423263500186,0.32978723404255317,0.1798061244602125,5.123986022529144
PAMAP2-6g -> MHEALTH,Magnitude only - raw,Full common configuration,Full common configuration,Logistic regression,M05,0.3221884498480243,0.3368794326241134,0.25807296088753046,0.3368794326241134,0.20309830654658242,5.503461711095275
PAMAP2-6g -> MHEALTH,Magnitude only - raw,Full common configuration,Full common configuration,Logistic regression,M06,0.43465045592705165,0.40070921985815605,0.2694838056680162,0.40070921985815605,0.2817678297516513,4.388464205925202
PAMAP2-6g -> MHEALTH,Magnitude only - raw,Full common configuration,Full common configuration,Logistic regression,M07,0.5227963525835866,0.45035460992907805,0.28569438111161777,0.45035460992907805,0.3290961098398169,3.836539741789147
PAMAP2-6g -> MHEALTH,Magnitude only - raw,Full common configuration,Full common configuration,Logistic regression,M08,0.23100303951367782,0.2216312056737589,0.21165492522555926,0.2216312056737589,0.14570905757183342,4.82298933738739
PAMAP2-6g -> MHEALTH,Magnitude only - raw,Full common configuration,Full common configuration,Logistic regression,M09,0.17933130699088146,0.19858156028368792,0.21679915828852,0.19858156028368792,0.09905168942983679,4.956325999155143
PAMAP2-6g -> MHEALTH,Magnitude only - raw,Full common configuration,Full common configuration,Logistic regression,M10,0.25835866261398177,0.29609929078014185,0.25158361353533065,0.29609929078014185,0.14167291471415186,6.241472895118442
PAMAP2-6g -> MHEALTH,Magnitude - domain z-score,Chest acceleration,Chest acceleration,Logistic regression,M01,0.5258358662613982,0.45035460992907805,0.5212301587301588,0.45035460992907805,0.3570141023870342,1.1549719537467478
PAMAP2-6g -> MHEALTH,Magnitude - domain z-score,Chest acceleration,Chest acceleration,Logistic regression,M02,0.5167173252279635,0.46631205673758863,0.42101879601879594,0.46631205673758863,0.4035208828673705,1.143389567683356
PAMAP2-6g -> MHEALTH,Magnitude - domain z-score,Chest acceleration,Chest acceleration,Logistic regression,M03,0.46808510638297873,0.37943262411347517,0.4401614913082987,0.37943262411347517,0.37783071533071527,1.1637276808613697
PAMAP2-6g -> MHEALTH,Magnitude - domain z-score,Chest acceleration,Chest acceleration,Logistic regression,M04,0.5379939209726444,0.4609929078014184,0.5208508698092031,0.4609929078014184,0.43426668395522405,0.8933093367335222
PAMAP2-6g -> MHEALTH,Magnitude - domain z-score,Chest acceleration,Chest acceleration,Logistic regression,M05,0.5227963525835866,0.4432624113475178,0.4835393645617958,0.4432624113475178,0.42732824123801566,0.9424997658492889
PAMAP2-6g -> MHEALTH,Magnitude - domain z-score,Chest acceleration,Chest acceleration,Logistic regression,M06,0.547112462006079,0.4716312056737589,0.574071773636991,0.4716312056737589,0.45184788943585624,0.8104782940708178
PAMAP2-6g -> MHEALTH,Magnitude - domain z-score,Chest acceleration,Chest acceleration,Logistic regression,M07,0.5440729483282675,0.46808510638297873,0.4264621571358354,0.46808510638297873,0.43007267670339316,0.929238371626566
PAMAP2-6g -> MHEALTH,Magnitude - domain z-score,Chest acceleration,Chest acceleration,Logistic regression,M08,0.39209726443769,0.33865248226950356,0.35956868334917114,0.33865248226950356,0.3378742600301701,1.1699608342821861
PAMAP2-6g -> MHEALTH,Magnitude - domain z-score,Chest acceleration,Chest acceleration,Logistic regression,M09,0.5896656534954408,0.5230496453900709,0.5128287249564073,0.5230496453900709,0.49428310371649364,0.9258216267810965
PAMAP2-6g -> MHEALTH,Magnitude - domain z-score,Chest acceleration,Chest acceleration,Logistic regression,M10,0.41033434650455924,0.3138297872340426,0.3756820220667592,0.3138297872340426,0.28901547712693226,1.066589400098693
PAMAP2-6g -> MHEALTH,Magnitude - domain z-score,Ankle acceleration,Ankle acceleration,Logistic regression,M01,0.601823708206687,0.599290780141844,0.4824727481353987,0.599290780141844,0.4963689045732389,0.682436103001
PAMAP2-6g -> MHEALTH,Magnitude - domain z-score,Ankle acceleration,Ankle acceleration,Logistic regression,M02,0.7142857142857143,0.6684397163120567,0.6532645666962437,0.6684397163120567,0.6113875848195093,0.5503868198729449
PAMAP2-6g -> MHEALTH,Magnitude - domain z-score,Ankle acceleration,Ankle acceleration,Logistic regression,M03,0.6352583586626139,0.6312056737588653,0.5275713484046817,0.6312056737588653,0.5455067360398473,0.7268709442237277
PAMAP2-6g -> MHEALTH,Magnitude - domain z-score,Ankle acceleration,Ankle acceleration,Logistic regression,M04,0.5562310030395137,0.5744680851063829,0.6293478755190006,0.5744680851063829,0.47137340848977677,0.9052033111388438
PAMAP2-6g -> MHEALTH,Magnitude - domain z-score,Ankle acceleration,Ankle acceleration,Logistic regression,M05,0.5987841945288754,0.6134751773049645,0.677183821790683,0.6134751773049645,0.5201391796344849,0.7904939167586409
PAMAP2-6g -> MHEALTH,Magnitude - domain z-score,Ankle acceleration,Ankle acceleration,Logistic regression,M06,0.6595744680851063,0.6560283687943262,0.716679784861603,0.6560283687943262,0.5936392515776817,0.6708953788226208
PAMAP2-6g -> MHEALTH,Magnitude - domain z-score,Ankle acceleration,Ankle acceleration,Logistic regression,M07,0.5714285714285714,0.5851063829787234,0.7935544271659792,0.5851063829787234,0.4886407965258708,0.9466981296138828
PAMAP2-6g -> MHEALTH,Magnitude - domain z-score,Ankle acceleration,Ankle acceleration,Logistic regression,M08,0.47112462006079026,0.4645390070921986,0.5146133945944192,0.4645390070921986,0.38322060681678916,1.1955028825905136
PAMAP2-6g -> MHEALTH,Magnitude - domain z-score,Ankle acceleration,Ankle acceleration,Logistic regression,M09,0.6595744680851063,0.6382978723404256,0.6696897431902884,0.6382978723404256,0.5633429427269716,0.6794029598603196
PAMAP2-6g -> MHEALTH,Magnitude - domain z-score,Ankle acceleration,Ankle acceleration,Logistic regression,M10,0.7021276595744681,0.6595744680851064,0.5432830206423097,0.6595744680851064,0.573803481186771,0.547859295172955
PAMAP2-6g -> MHEALTH,Magnitude - domain z-score,Ankle acceleration and gyroscope,Ankle acceleration and gyroscope,Logistic regression,M01,0.331306990881459,0.3156028368794326,0.4693236714975845,0.3156028368794326,0.2944651286281935,4.436737249234031
PAMAP2-6g -> MHEALTH,Magnitude - domain z-score,Ankle acceleration and gyroscope,Ankle acceleration and gyroscope,Logistic regression,M02,0.4376899696048632,0.34751773049645385,0.25463912630579294,0.34751773049645385,0.2786080883852749,2.033950867091308
PAMAP2-6g -> MHEALTH,Magnitude - domain z-score,Ankle acceleration and gyroscope,Ankle acceleration and gyroscope,Logistic regression,M03,0.3130699088145897,0.2730496453900709,0.4315584240957375,0.2730496453900709,0.2560592299611688,3.028068973678425
PAMAP2-6g -> MHEALTH,Magnitude - domain z-score,Ankle acceleration and gyroscope,Ankle acceleration and gyroscope,Logistic regression,M04,0.20972644376899696,0.19503546099290778,0.2611339109287126,0.19503546099290778,0.18581009154779649,3.7598702334394782
PAMAP2-6g -> MHEALTH,Magnitude - domain z-score,Ankle acceleration and gyroscope,Ankle acceleration and gyroscope,Logistic regression,M05,0.46200607902735563,0.46808510638297873,0.4401726042529688,0.46808510638297873,0.4199328340443283,1.7618393492023796
PAMAP2-6g -> MHEALTH,Magnitude - domain z-score,Ankle acceleration and gyroscope,Ankle acceleration and gyroscope,Logistic regression,M06,0.44680851063829785,0.4361702127659574,0.41171787559064704,0.4361702127659574,0.3964202415587234,2.879481500710288
PAMAP2-6g -> MHEALTH,Magnitude - domain z-score,Ankle acceleration and gyroscope,Ankle acceleration and gyroscope,Logistic regression,M07,0.3799392097264438,0.40780141843971635,0.3773517882713285,0.40780141843971635,0.29515802000970603,2.264650424413709
PAMAP2-6g -> MHEALTH,Magnitude - domain z-score,Ankle acceleration and gyroscope,Ankle acceleration and gyroscope,Logistic regression,M08,0.5866261398176292,0.5975177304964538,0.5665336879432624,0.5975177304964538,0.5445319830374319,2.3812752178818952
PAMAP2-6g -> MHEALTH,Magnitude - domain z-score,Ankle acceleration and gyroscope,Ankle acceleration and gyroscope,Logistic regression,M09,0.2735562310030395,0.2021276595744681,0.27290448343079926,0.2021276595744681,0.23127346785516045,1.8221008735698119
PAMAP2-6g -> MHEALTH,Magnitude - domain z-score,Ankle acceleration and gyroscope,Ankle acceleration and gyroscope,Logistic regression,M10,0.3252279635258359,0.2304964539007092,0.31704260651629074,0.2304964539007092,0.2499546193201183,3.0766267703189913
PAMAP2-6g -> MHEALTH,Magnitude - domain z-score,Chest and ankle acceleration,Chest and ankle acceleration,Logistic regression,M01,0.601823708206687,0.5904255319148937,0.4853405381064955,0.5904255319148937,0.5029800511627495,1.1597076851708812
PAMAP2-6g -> MHEALTH,Magnitude - domain z-score,Chest and ankle acceleration,Chest and ankle acceleration,Logistic regression,M02,0.6990881458966566,0.648936170212766,0.5619834710743802,0.648936170212766,0.5837912087912088,0.8718881393686071
PAMAP2-6g -> MHEALTH,Magnitude - domain z-score,Chest and ankle acceleration,Chest and ankle acceleration,Logistic regression,M03,0.574468085106383,0.5035460992907802,0.5141843971631206,0.5035460992907802,0.5086898916686151,0.8803141429475125
PAMAP2-6g -> MHEALTH,Magnitude - domain z-score,Chest and ankle acceleration,Chest and ankle acceleration,Logistic regression,M04,0.7021276595744681,0.6524822695035462,0.5679117147707979,0.6524822695035462,0.5871972971515306,0.6614210469994467
PAMAP2-6g -> MHEALTH,Magnitude - domain z-score,Chest and ankle acceleration,Chest and ankle acceleration,Logistic regression,M05,0.6595744680851063,0.6028368794326241,0.5620567375886525,0.6028368794326241,0.5713786804212336,0.7288858968391773
PAMAP2-6g -> MHEALTH,Magnitude - domain z-score,Chest and ankle acceleration,Chest and ankle acceleration,Logistic regression,M06,0.723404255319149,0.6773049645390071,0.6332482325216026,0.6773049645390071,0.6470521692512752,0.54721987227518
PAMAP2-6g -> MHEALTH,Magnitude - domain z-score,Chest and ankle acceleration,Chest and ankle acceleration,Logistic regression,M07,0.7993920972644377,0.7659574468085107,0.7231204579072609,0.7659574468085107,0.7205673973904166,0.47578327793839587
PAMAP2-6g -> MHEALTH,Magnitude - domain z-score,Chest and ankle acceleration,Chest and ankle acceleration,Logistic regression,M08,0.5562310030395137,0.5301418439716312,0.48130800751490405,0.5301418439716312,0.4787024767285359,1.005909193416909
PAMAP2-6g -> MHEALTH,Magnitude - domain z-score,Chest and ankle acceleration,Chest and ankle acceleration,Logistic regression,M09,0.6413373860182371,0.5868794326241135,0.6112978090570148,0.5868794326241135,0.5223998747000108,0.7240772183795909
PAMAP2-6g -> MHEALTH,Magnitude - domain z-score,Chest and ankle acceleration,Chest and ankle acceleration,Logistic regression,M10,0.6717325227963525,0.6170212765957447,0.6128712871287129,0.6170212765957447,0.6016011533252913,0.6710041023517777
PAMAP2-6g -> MHEALTH,Magnitude - domain z-score,Full common configuration,Full common configuration,Logistic regression,M01,0.14285714285714285,0.0975177304964539,0.2878787878787879,0.0975177304964539,0.14372137239650853,6.049186699541535
PAMAP2-6g -> MHEALTH,Magnitude - domain z-score,Full common configuration,Full common configuration,Logistic regression,M02,0.40425531914893614,0.3280141843971631,0.24460254812352858,0.3280141843971631,0.24911271943435073,2.0123923578934004
PAMAP2-6g -> MHEALTH,Magnitude - domain z-score,Full common configuration,Full common configuration,Logistic regression,M03,0.3677811550151976,0.2783687943262411,0.4133928571428571,0.2783687943262411,0.2838106081218151,4.8619576164076745
PAMAP2-6g -> MHEALTH,Magnitude - domain z-score,Full common configuration,Full common configuration,Logistic regression,M04,0.3100303951367781,0.2180851063829787,0.37012987012987014,0.2180851063829787,0.2261284298665703,5.210298780345547
PAMAP2-6g -> MHEALTH,Magnitude - domain z-score,Full common configuration,Full common configuration,Logistic regression,M05,0.5835866261398176,0.5212765957446809,0.476078722002635,0.5212765957446809,0.4602761877697939,2.340833013077895
PAMAP2-6g -> MHEALTH,Magnitude - domain z-score,Full common configuration,Full common configuration,Logistic regression,M06,0.5653495440729484,0.49290780141843976,0.3670711527854385,0.49290780141843976,0.39451628352490425,3.15997591307724
PAMAP2-6g -> MHEALTH,Magnitude - domain z-score,Full common configuration,Full common configuration,Logistic regression,M07,0.547112462006079,0.4716312056737588,0.3713815789473684,0.4716312056737588,0.38419871429114844,1.6081626809699003
PAMAP2-6g -> MHEALTH,Magnitude - domain z-score,Full common configuration,Full common configuration,Logistic regression,M08,0.601823708206687,0.601063829787234,0.6843794281903809,0.601063829787234,0.5291268600704168,2.8025275261154166
PAMAP2-6g -> MHEALTH,Magnitude - domain z-score,Full common configuration,Full common configuration,Logistic regression,M09,0.3069908814589666,0.19858156028368798,0.3541666666666667,0.19858156028368798,0.2275836164852183,2.280223169533659
PAMAP2-6g -> MHEALTH,Magnitude - domain z-score,Full common configuration,Full common configuration,Logistic regression,M10,0.18541033434650456,0.11879432624113477,0.4686746987951807,0.11879432624113477,0.1581920782424138,5.544038472755753
PAMAP2-6g -> MHEALTH,Magnitude - CORAL,Chest acceleration,Chest acceleration,Logistic regression,M01,0.46808510638297873,0.4574468085106383,0.516252282623964,0.4574468085106383,0.40571033972582643,1.2143639698890378
PAMAP2-6g -> MHEALTH,Magnitude - CORAL,Chest acceleration,Chest acceleration,Logistic regression,M02,0.3525835866261398,0.33865248226950356,0.3757902001380263,0.33865248226950356,0.32196047366469566,1.6681518320669355
PAMAP2-6g -> MHEALTH,Magnitude - CORAL,Chest acceleration,Chest acceleration,Logistic regression,M03,0.5349544072948328,0.4574468085106383,0.434315100514259,0.4574468085106383,0.4244434431897472,1.2472061089208004
PAMAP2-6g -> MHEALTH,Magnitude - CORAL,Chest acceleration,Chest acceleration,Logistic regression,M04,0.5927051671732523,0.524822695035461,0.5397368859345736,0.524822695035461,0.5041743786672793,1.0767608821204984
PAMAP2-6g -> MHEALTH,Magnitude - CORAL,Chest acceleration,Chest acceleration,Logistic regression,M05,0.5866261398176292,0.5177304964539008,0.5573828069426661,0.5177304964539008,0.5071396584050404,1.038620661710156
PAMAP2-6g -> MHEALTH,Magnitude - CORAL,Chest acceleration,Chest acceleration,Logistic regression,M06,0.6048632218844985,0.5390070921985816,0.6451780626780627,0.5390070921985816,0.5612222147167568,0.9227547461605434
PAMAP2-6g -> MHEALTH,Magnitude - CORAL,Chest acceleration,Chest acceleration,Logistic regression,M07,0.49848024316109424,0.41489361702127664,0.5096640994183933,0.41489361702127664,0.3883671759117086,1.1678297315002621
PAMAP2-6g -> MHEALTH,Magnitude - CORAL,Chest acceleration,Chest acceleration,Logistic regression,M08,0.3556231003039514,0.3297872340425532,0.34871866554841113,0.3297872340425532,0.3197985634605353,2.0124540976600933
PAMAP2-6g -> MHEALTH,Magnitude - CORAL,Chest acceleration,Chest acceleration,Logistic regression,M09,0.5531914893617021,0.48404255319148937,0.502433741630599,0.48404255319148937,0.4777973621994696,1.170430764808546
PAMAP2-6g -> MHEALTH,Magnitude - CORAL,Chest acceleration,Chest acceleration,Logistic regression,M10,0.3252279635258359,0.2553191489361702,0.24233320994333551,0.2553191489361702,0.22645985132680793,1.5609103305228185
PAMAP2-6g -> MHEALTH,Magnitude - CORAL,Ankle acceleration,Ankle acceleration,Logistic regression,M01,0.6200607902735562,0.6081560283687943,0.49118206355048466,0.6081560283687943,0.5091392361399975,0.7521425473068278
PAMAP2-6g -> MHEALTH,Magnitude - CORAL,Ankle acceleration,Ankle acceleration,Logistic regression,M02,0.7051671732522796,0.6560283687943262,0.712496109554933,0.6560283687943262,0.590991389346542,0.5779214547612994
PAMAP2-6g -> MHEALTH,Magnitude - CORAL,Ankle acceleration,Ankle acceleration,Logistic regression,M03,0.6170212765957447,0.6170212765957447,0.6108701880160922,0.6170212765957447,0.5328390644847109,0.745975241697221
PAMAP2-6g -> MHEALTH,Magnitude - CORAL,Ankle acceleration,Ankle acceleration,Logistic regression,M04,0.5440729483282675,0.5673758865248227,0.48540557232155074,0.5673758865248227,0.46331120508752094,0.9440623757381292
PAMAP2-6g -> MHEALTH,Magnitude - CORAL,Ankle acceleration,Ankle acceleration,Logistic regression,M05,0.5592705167173252,0.5762411347517731,0.6354875283446711,0.5762411347517731,0.48140523149998876,0.8168402444607336
PAMAP2-6g -> MHEALTH,Magnitude - CORAL,Ankle acceleration,Ankle acceleration,Logistic regression,M06,0.6595744680851063,0.6400709219858156,0.5898874364560639,0.6400709219858156,0.553555644167857,0.6316314153526101
PAMAP2-6g -> MHEALTH,Magnitude - CORAL,Ankle acceleration,Ankle acceleration,Logistic regression,M07,0.5106382978723404,0.5390070921985816,0.44687761138232834,0.5390070921985816,0.42086752829786883,1.0015021936144404
PAMAP2-6g -> MHEALTH,Magnitude - CORAL,Ankle acceleration,Ankle acceleration,Logistic regression,M08,0.48328267477203646,0.4787234042553192,0.46591663347935747,0.4787234042553192,0.3880826125011632,1.1983238478608924
PAMAP2-6g -> MHEALTH,Magnitude - CORAL,Ankle acceleration,Ankle acceleration,Logistic regression,M09,0.6474164133738601,0.6294326241134752,0.5849439775910364,0.6294326241134752,0.5448686605766319,0.7206102809999425
PAMAP2-6g -> MHEALTH,Magnitude - CORAL,Ankle acceleration,Ankle acceleration,Logistic regression,M10,0.7051671732522796,0.6613475177304965,0.5455555555555555,0.6613475177304965,0.575475991455373,0.597976788307372
PAMAP2-6g -> MHEALTH,Magnitude - CORAL,Ankle acceleration and gyroscope,Ankle acceleration and gyroscope,Logistic regression,M01,0.5835866261398176,0.526595744680851,0.46709077775254243,0.526595744680851,0.44656256964694035,2.146383129921206
PAMAP2-6g -> MHEALTH,Magnitude - CORAL,Ankle acceleration and gyroscope,Ankle acceleration and gyroscope,Logistic regression,M02,0.44984802431610943,0.35815602836879434,0.3637728637728637,0.35815602836879434,0.29731840486557465,1.3302517455660063
PAMAP2-6g -> MHEALTH,Magnitude - CORAL,Ankle acceleration and gyroscope,Ankle acceleration and gyroscope,Logistic regression,M03,0.5957446808510638,0.5709219858156028,0.7089391624233577,0.5709219858156028,0.53520796118766,1.1458053831203763
PAMAP2-6g -> MHEALTH,Magnitude - CORAL,Ankle acceleration and gyroscope,Ankle acceleration and gyroscope,Logistic regression,M04,0.47416413373860183,0.45035460992907805,0.46374671080553437,0.45035460992907805,0.3910572462590292,1.549062642549057
PAMAP2-6g -> MHEALTH,Magnitude - CORAL,Ankle acceleration and gyroscope,Ankle acceleration and gyroscope,Logistic regression,M05,0.5106382978723404,0.476950354609929,0.6009731264665475,0.476950354609929,0.46156193612569035,1.9862893604230152
PAMAP2-6g -> MHEALTH,Magnitude - CORAL,Ankle acceleration and gyroscope,Ankle acceleration and gyroscope,Logistic regression,M06,0.43465045592705165,0.38297872340425526,0.3293924303728225,0.38297872340425526,0.3360439413654399,1.66176454437376
PAMAP2-6g -> MHEALTH,Magnitude - CORAL,Ankle acceleration and gyroscope,Ankle acceleration and gyroscope,Logistic regression,M07,0.364741641337386,0.3882978723404255,0.4117411076352682,0.3882978723404255,0.2879601097164189,1.6925137423776278
PAMAP2-6g -> MHEALTH,Magnitude - CORAL,Ankle acceleration and gyroscope,Ankle acceleration and gyroscope,Logistic regression,M08,0.5045592705167173,0.49645390070921985,0.4998308010851506,0.49645390070921985,0.4547184076882786,1.3960757743165857
PAMAP2-6g -> MHEALTH,Magnitude - CORAL,Ankle acceleration and gyroscope,Ankle acceleration and gyroscope,Logistic regression,M09,0.5501519756838906,0.49290780141843965,0.47767017635771586,0.49290780141843965,0.45457925625075024,0.8747542639635579
PAMAP2-6g -> MHEALTH,Magnitude - CORAL,Ankle acceleration and gyroscope,Ankle acceleration and gyroscope,Logistic regression,M10,0.5592705167173252,0.4875886524822695,0.4909652689991595,0.4875886524822695,0.42586787599950693,1.0955541949509253
PAMAP2-6g -> MHEALTH,Magnitude - CORAL,Chest and ankle acceleration,Chest and ankle acceleration,Logistic regression,M01,0.46504559270516715,0.5124113475177305,0.6489266376877908,0.5124113475177305,0.422055171873201,1.3487179060570404
PAMAP2-6g -> MHEALTH,Magnitude - CORAL,Chest and ankle acceleration,Chest and ankle acceleration,Logistic regression,M02,0.6504559270516718,0.6063829787234042,0.6303047865376633,0.6063829787234042,0.5762614878147871,0.8140661211889667
PAMAP2-6g -> MHEALTH,Magnitude - CORAL,Chest and ankle acceleration,Chest and ankle acceleration,Logistic regression,M03,0.6930091185410334,0.6418439716312058,0.6346153846153846,0.6418439716312058,0.6361521620142311,0.7420473058825647
PAMAP2-6g -> MHEALTH,Magnitude - CORAL,Chest and ankle acceleration,Chest and ankle acceleration,Logistic regression,M04,0.7173252279635258,0.6702127659574467,0.6756975786231106,0.6702127659574467,0.663151662144969,0.6243644368848518
PAMAP2-6g -> MHEALTH,Magnitude - CORAL,Chest and ankle acceleration,Chest and ankle acceleration,Logistic regression,M05,0.6930091185410334,0.6436170212765958,0.5878458164642374,0.6436170212765958,0.6048536411014812,0.7920448713312538
PAMAP2-6g -> MHEALTH,Magnitude - CORAL,Chest and ankle acceleration,Chest and ankle acceleration,Logistic regression,M06,0.7446808510638298,0.702127659574468,0.7253523775746537,0.702127659574468,0.6950631458094145,0.5962055767090353
PAMAP2-6g -> MHEALTH,Magnitude - CORAL,Chest and ankle acceleration,Chest and ankle acceleration,Logistic regression,M07,0.7750759878419453,0.7375886524822696,0.7510206612358585,0.7375886524822696,0.7263905867188288,0.5302345101429425
PAMAP2-6g -> MHEALTH,Magnitude - CORAL,Chest and ankle acceleration,Chest and ankle acceleration,Logistic regression,M08,0.45896656534954405,0.44858156028368795,0.415114357187528,0.44858156028368795,0.38482339751076555,1.5403829015456825
PAMAP2-6g -> MHEALTH,Magnitude - CORAL,Chest and ankle acceleration,Chest and ankle acceleration,Logistic regression,M09,0.723404255319149,0.6897163120567376,0.6713879445517864,0.6897163120567376,0.6649413713037088,0.674627561123858
PAMAP2-6g -> MHEALTH,Magnitude - CORAL,Chest and ankle acceleration,Chest and ankle acceleration,Logistic regression,M10,0.6382978723404256,0.597517730496454,0.5960742630385488,0.597517730496454,0.5694574403533051,0.8625781331894244
PAMAP2-6g -> MHEALTH,Magnitude - CORAL,Full common configuration,Full common configuration,Logistic regression,M01,0.4012158054711246,0.3581560283687943,0.4241449099372597,0.3581560283687943,0.3188146464008533,2.3461571554509537
PAMAP2-6g -> MHEALTH,Magnitude - CORAL,Full common configuration,Full common configuration,Logistic regression,M02,0.46200607902735563,0.3829787234042554,0.4530923735924906,0.3829787234042554,0.402858536534569,1.255754473143009
PAMAP2-6g -> MHEALTH,Magnitude - CORAL,Full common configuration,Full common configuration,Logistic regression,M03,0.5866261398176292,0.5567375886524822,0.5159818150026229,0.5567375886524822,0.5164636956603498,1.350345658674219
PAMAP2-6g -> MHEALTH,Magnitude - CORAL,Full common configuration,Full common configuration,Logistic regression,M04,0.5623100303951368,0.5177304964539007,0.46569836273453635,0.5177304964539007,0.47361825674593,1.4818356633364738
PAMAP2-6g -> MHEALTH,Magnitude - CORAL,Full common configuration,Full common configuration,Logistic regression,M05,0.48936170212765956,0.41134751773049644,0.4350770757020757,0.41134751773049644,0.38357619757407674,1.9691563834721588
PAMAP2-6g -> MHEALTH,Magnitude - CORAL,Full common configuration,Full common configuration,Logistic regression,M06,0.48632218844984804,0.4024822695035461,0.46853118315884273,0.4024822695035461,0.351440187807581,1.5298645045181063
PAMAP2-6g -> MHEALTH,Magnitude - CORAL,Full common configuration,Full common configuration,Logistic regression,M07,0.5896656534954408,0.524822695035461,0.619890038245036,0.524822695035461,0.47560017371928814,0.9114922451599825
PAMAP2-6g -> MHEALTH,Magnitude - CORAL,Full common configuration,Full common configuration,Logistic regression,M08,0.47112462006079026,0.4645390070921986,0.44250639882992826,0.4645390070921986,0.4106907675183821,1.4907030169418638
PAMAP2-6g -> MHEALTH,Magnitude - CORAL,Full common configuration,Full common configuration,Logistic regression,M09,0.574468085106383,0.5141843971631205,0.5650788528362899,0.5141843971631205,0.502600064731902,0.9708640500537796
PAMAP2-6g -> MHEALTH,Magnitude - CORAL,Full common configuration,Full common configuration,Logistic regression,M10,0.42857142857142855,0.3705673758865249,0.33425537642758774,0.3705673758865249,0.33625782041066504,1.6195785655779877
MHEALTH -> PAMAP2-6g,All features - raw,Chest acceleration,Chest acceleration,XGBoost,P101,0.5402405180388529,0.5214994760078082,0.5327013142802616,0.5214994760078082,0.4657556470915103,2.110167902008938
MHEALTH -> PAMAP2-6g,All features - raw,Chest acceleration,Chest acceleration,XGBoost,P102,0.5764925373134329,0.5117079525224045,0.5290425806282043,0.5117079525224045,0.44504071660338845,2.219533555823504
MHEALTH -> PAMAP2-6g,All features - raw,Chest acceleration,Chest acceleration,XGBoost,P105,0.583752093802345,0.5649566358612993,0.5328591343297225,0.5649566358612993,0.5087059872055795,2.1360954022362404
MHEALTH -> PAMAP2-6g,All features - raw,Chest acceleration,Chest acceleration,XGBoost,P106,0.41697416974169743,0.4235436796936136,0.4491418609916476,0.4235436796936136,0.3711598146438593,2.7257976207779366
MHEALTH -> PAMAP2-6g,All features - raw,Chest acceleration,Chest acceleration,XGBoost,P107,0.6430062630480167,0.5559989191573481,0.5543170278578903,0.5559989191573481,0.5190320402343193,2.0029638864188857
MHEALTH -> PAMAP2-6g,All features - raw,Chest acceleration,Chest acceleration,XGBoost,P108,0.5888594164456233,0.5822827142220525,0.5354586254219057,0.5822827142220525,0.5221962697444534,2.1085462853158927
MHEALTH -> PAMAP2-6g,All features - raw,Ankle acceleration,Ankle acceleration,XGBoost,P101,0.5420906567992599,0.5715427136509866,0.469933640828936,0.5715427136509866,0.49230056741070943,2.075443099213282
MHEALTH -> PAMAP2-6g,All features - raw,Ankle acceleration,Ankle acceleration,XGBoost,P102,0.5708955223880597,0.561922106629001,0.5176202362824064,0.561922106629001,0.5162254611674293,1.7580332708345023
MHEALTH -> PAMAP2-6g,All features - raw,Ankle acceleration,Ankle acceleration,XGBoost,P105,0.6013400335008375,0.578946963473842,0.518006182205282,0.578946963473842,0.5405127033577405,1.6003077724398755
MHEALTH -> PAMAP2-6g,All features - raw,Ankle acceleration,Ankle acceleration,XGBoost,P106,0.5424354243542435,0.5317036540382017,0.4706710046126774,0.5317036540382017,0.4927705796233117,2.2160143661353082
MHEALTH -> PAMAP2-6g,All features - raw,Ankle acceleration,Ankle acceleration,XGBoost,P107,0.5219206680584552,0.5605656669559544,0.4989272495175565,0.5605656669559544,0.5193800714240838,1.744983087784137
MHEALTH -> PAMAP2-6g,All features - raw,Ankle acceleration,Ankle acceleration,XGBoost,P108,0.4235190097259063,0.4192333264852828,0.4128366698294736,0.4192333264852828,0.4100441485473911,1.9877192459680066
MHEALTH -> PAMAP2-6g,All features - raw,Ankle acceleration and gyroscope,Ankle acceleration and gyroscope,XGBoost,P101,0.39222941720629045,0.4181900703545496,0.34952588326489975,0.4181900703545496,0.36947320258789523,2.0754284491852326
MHEALTH -> PAMAP2-6g,All features - raw,Ankle acceleration and gyroscope,Ankle acceleration and gyroscope,XGBoost,P102,0.5951492537313433,0.5945719065131191,0.5359903189946521,0.5945719065131191,0.5458509468561998,2.2837626940878915
MHEALTH -> PAMAP2-6g,All features - raw,Ankle acceleration and gyroscope,Ankle acceleration and gyroscope,XGBoost,P105,0.38274706867671693,0.39089698249843935,0.38546408965002854,0.39089698249843935,0.3830027849326987,1.8755663709299915
MHEALTH -> PAMAP2-6g,All features - raw,Ankle acceleration and gyroscope,Ankle acceleration and gyroscope,XGBoost,P106,0.5101476014760148,0.5032148311842273,0.4395848136342837,0.5032148311842273,0.46663710884309584,1.815412385746981
MHEALTH -> PAMAP2-6g,All features - raw,Ankle acceleration and gyroscope,Ankle acceleration and gyroscope,XGBoost,P107,0.4384133611691023,0.4192297337240085,0.48662957412957414,0.4192297337240085,0.4324289842861571,1.9895849951940985
MHEALTH -> PAMAP2-6g,All features - raw,Ankle acceleration and gyroscope,Ankle acceleration and gyroscope,XGBoost,P108,0.44916003536693194,0.4444186500843539,0.3869486300105455,0.4444186500843539,0.40338822642509603,2.1317269170771307
MHEALTH -> PAMAP2-6g,All features - raw,Chest and ankle acceleration,Chest and ankle acceleration,XGBoost,P101,0.6521739130434783,0.6548762417674502,0.6691301796738897,0.6548762417674502,0.6073811170005606,1.4859215738699298
MHEALTH -> PAMAP2-6g,All features - raw,Chest and ankle acceleration,Chest and ankle acceleration,XGBoost,P102,0.5783582089552238,0.5821433856338939,0.5311001694865133,0.5821433856338939,0.5228993151537634,1.6228151602191194
MHEALTH -> PAMAP2-6g,All features - raw,Chest and ankle acceleration,Chest and ankle acceleration,XGBoost,P105,0.6046901172529313,0.5961278317076063,0.6763003669507951,0.5961278317076063,0.5543927817934922,1.5507885332161315
MHEALTH -> PAMAP2-6g,All features - raw,Chest and ankle acceleration,Chest and ankle acceleration,XGBoost,P106,0.5267527675276753,0.5284013043708157,0.630994560996007,0.5284013043708157,0.5060185145446391,1.7544736292412317
MHEALTH -> PAMAP2-6g,All features - raw,Chest and ankle acceleration,Chest and ankle acceleration,XGBoost,P107,0.6346555323590815,0.576271000664773,0.7172783156638286,0.576271000664773,0.5720256265841678,1.4448972331671435
MHEALTH -> PAMAP2-6g,All features - raw,Chest and ankle acceleration,Chest and ankle acceleration,XGBoost,P108,0.6074270557029178,0.6020387921582774,0.6170081572255486,0.6020387921582774,0.5629589105293799,1.6970516246061464
MHEALTH -> PAMAP2-6g,All features - raw,Full common configuration,Full common configuration,XGBoost,P101,0.6086956521739131,0.5992275766867285,0.5424403988266934,0.5992275766867285,0.5420231848523079,1.5384651545701002
MHEALTH -> PAMAP2-6g,All features - raw,Full common configuration,Full common configuration,XGBoost,P102,0.5541044776119403,0.5599211634116716,0.5372672731210743,0.5599211634116716,0.505841919959628,1.6158697426512754
MHEALTH -> PAMAP2-6g,All features - raw,Full common configuration,Full common configuration,XGBoost,P105,0.5946398659966499,0.5764664241608669,0.5423141523668021,0.5764664241608669,0.5149094184177682,1.6852965756394869
MHEALTH -> PAMAP2-6g,All features - raw,Full common configuration,Full common configuration,XGBoost,P106,0.4326568265682657,0.4409394922139133,0.5122518778275645,0.4409394922139133,0.39537857830339407,1.9079512155716258
MHEALTH -> PAMAP2-6g,All features - raw,Full common configuration,Full common configuration,XGBoost,P107,0.6002087682672234,0.5533164552102275,0.5551554411094123,0.5533164552102275,0.5157772696130097,1.6053318016493159
MHEALTH -> PAMAP2-6g,All features - raw,Full common configuration,Full common configuration,XGBoost,P108,0.5720601237842617,0.5673091427227457,0.539058075645496,0.5673091427227457,0.5101665340338172,1.7877607819959647
MHEALTH -> PAMAP2-6g,Magnitude only - raw,Chest acceleration,Chest acceleration,XGBoost,P101,0.5855689176688251,0.6058145668210796,0.6006790731618318,0.6058145668210796,0.5882680951102434,1.4260902530877344
MHEALTH -> PAMAP2-6g,Magnitude only - raw,Chest acceleration,Chest acceleration,XGBoost,P102,0.6809701492537313,0.6927410475187714,0.7235157537329844,0.6927410475187714,0.6953637564518332,0.8908179602159146
MHEALTH -> PAMAP2-6g,Magnitude only - raw,Chest acceleration,Chest acceleration,XGBoost,P105,0.6515912897822446,0.6287137425828059,0.6066797378893133,0.6287137425828059,0.6096354960698948,1.13552549909358
MHEALTH -> PAMAP2-6g,Magnitude only - raw,Chest acceleration,Chest acceleration,XGBoost,P106,0.4843173431734317,0.48445375296229837,0.488565924201075,0.48445375296229837,0.48311542630543586,1.8924367047762716
MHEALTH -> PAMAP2-6g,Magnitude only - raw,Chest acceleration,Chest acceleration,XGBoost,P107,0.6096033402922756,0.6303063352705573,0.5752809582831224,0.6303063352705573,0.5866749009904343,1.1816355264062162
MHEALTH -> PAMAP2-6g,Magnitude only - raw,Chest acceleration,Chest acceleration,XGBoost,P108,0.519893899204244,0.5163868215170618,0.5205363188914989,0.5163868215170618,0.5180374503652679,1.6492313646705103
MHEALTH -> PAMAP2-6g,Magnitude only - raw,Ankle acceleration,Ankle acceleration,XGBoost,P101,0.6040703052728955,0.6323636578125441,0.7425564590320429,0.6323636578125441,0.5556187386879539,1.5213188249444554
MHEALTH -> PAMAP2-6g,Magnitude only - raw,Ankle acceleration,Ankle acceleration,XGBoost,P102,0.605410447761194,0.6083530635966133,0.5400968509776537,0.6083530635966133,0.5214535470643726,1.2310306341934378
MHEALTH -> PAMAP2-6g,Magnitude only - raw,Ankle acceleration,Ankle acceleration,XGBoost,P105,0.6072026800670016,0.5970431391954215,0.569718296008854,0.5970431391954215,0.5312910690527697,1.3535915690953226
MHEALTH -> PAMAP2-6g,Magnitude only - raw,Ankle acceleration,Ankle acceleration,XGBoost,P106,0.6190036900369004,0.6168590762736251,0.72168570716777,0.6168590762736251,0.5429561501202937,1.1693107384418815
MHEALTH -> PAMAP2-6g,Magnitude only - raw,Ankle acceleration,Ankle acceleration,XGBoost,P107,0.5981210855949896,0.5517832266687228,0.4879717017486563,0.5517832266687228,0.4944958970073335,1.6923332859651907
MHEALTH -> PAMAP2-6g,Magnitude only - raw,Ankle acceleration,Ankle acceleration,XGBoost,P108,0.5800176834659593,0.56754225850208,0.4929304579750224,0.56754225850208,0.5109283549974099,1.613576785873621
MHEALTH -> PAMAP2-6g,Magnitude only - raw,Ankle acceleration and gyroscope,Ankle acceleration and gyroscope,XGBoost,P101,0.5689176688251619,0.5874572611075304,0.5277093187700984,0.5874572611075304,0.5473002082421159,2.086422420913092
MHEALTH -> PAMAP2-6g,Magnitude only - raw,Ankle acceleration and gyroscope,Ankle acceleration and gyroscope,XGBoost,P102,0.7509328358208955,0.7517815245923023,0.6511196036353822,0.7517815245923023,0.689854360068054,0.8729537575309326
MHEALTH -> PAMAP2-6g,Magnitude only - raw,Ankle acceleration and gyroscope,Ankle acceleration and gyroscope,XGBoost,P105,0.6381909547738693,0.6287536110686224,0.5796155393270358,0.6287536110686224,0.5911906474010413,1.2418642747355932
MHEALTH -> PAMAP2-6g,Magnitude only - raw,Ankle acceleration and gyroscope,Ankle acceleration and gyroscope,XGBoost,P106,0.7075645756457565,0.7078429279569486,0.6187629364506871,0.7078429279569486,0.6566799070927422,1.1370570296898992
MHEALTH -> PAMAP2-6g,Magnitude only - raw,Ankle acceleration and gyroscope,Ankle acceleration and gyroscope,XGBoost,P107,0.5104384133611691,0.48245591116453057,0.47379739497547585,0.48245591116453057,0.47233999181765385,2.137044481091999
MHEALTH -> PAMAP2-6g,Magnitude only - raw,Ankle acceleration and gyroscope,Ankle acceleration and gyroscope,XGBoost,P108,0.5994694960212201,0.586453070690203,0.5051135856242025,0.586453070690203,0.5216469610396439,1.755480331067764
MHEALTH -> PAMAP2-6g,Magnitude only - raw,Chest and ankle acceleration,Chest and ankle acceleration,XGBoost,P101,0.6262719703977798,0.6487286251078298,0.6565231793093962,0.6487286251078298,0.6150491263499748,1.2558588962499722
MHEALTH -> PAMAP2-6g,Magnitude only - raw,Chest and ankle acceleration,Chest and ankle acceleration,XGBoost,P102,0.6184701492537313,0.6217897663387896,0.7335333315881015,0.6217897663387896,0.5943608137966304,0.9472633941154692
MHEALTH -> PAMAP2-6g,Magnitude only - raw,Chest and ankle acceleration,Chest and ankle acceleration,XGBoost,P105,0.5904522613065326,0.5745370113959493,0.5835669635067863,0.5745370113959493,0.5372993498938905,1.1615564204687718
MHEALTH -> PAMAP2-6g,Magnitude only - raw,Chest and ankle acceleration,Chest and ankle acceleration,XGBoost,P106,0.5811808118081181,0.5772945796226782,0.5831394051431523,0.5772945796226782,0.5277834999923909,1.3757300201295644
MHEALTH -> PAMAP2-6g,Magnitude only - raw,Chest and ankle acceleration,Chest and ankle acceleration,XGBoost,P107,0.5887265135699373,0.5651199434567281,0.5478753163345873,0.5651199434567281,0.5326321043640506,1.3825663214918535
MHEALTH -> PAMAP2-6g,Magnitude only - raw,Chest and ankle acceleration,Chest and ankle acceleration,XGBoost,P108,0.5632183908045977,0.5536422884398908,0.5194411486263154,0.5536422884398908,0.512976980195513,1.3139038361893012
MHEALTH -> PAMAP2-6g,Magnitude only - raw,Full common configuration,Full common configuration,XGBoost,P101,0.580018501387604,0.5991006137878365,0.5954446572487774,0.5991006137878365,0.5657401754892641,1.7938516358983105
MHEALTH -> PAMAP2-6g,Magnitude only - raw,Full common configuration,Full common configuration,XGBoost,P102,0.773320895522388,0.770131939649548,0.7676755159835048,0.770131939649548,0.736642645299303,0.6641124767251537
MHEALTH -> PAMAP2-6g,Magnitude only - raw,Full common configuration,Full common configuration,XGBoost,P105,0.6482412060301508,0.6384494167735345,0.6700175214098905,0.6384494167735345,0.6136596497426078,0.912069605834297
MHEALTH -> PAMAP2-6g,Magnitude only - raw,Full common configuration,Full common configuration,XGBoost,P106,0.6771217712177122,0.6740532403957166,0.5972076722431415,0.6740532403957166,0.6283133713790815,0.947520208235539
MHEALTH -> PAMAP2-6g,Magnitude only - raw,Full common configuration,Full common configuration,XGBoost,P107,0.5219206680584552,0.4962869162964263,0.49036256408986034,0.4962869162964263,0.484727542944485,1.9409672801228843
MHEALTH -> PAMAP2-6g,Magnitude only - raw,Full common configuration,Full common configuration,XGBoost,P108,0.5755968169761273,0.5649139352039368,0.5333122444669067,0.5649139352039368,0.514438907189895,1.5360369068402615
MHEALTH -> PAMAP2-6g,Magnitude - domain z-score,Chest acceleration,Chest acceleration,XGBoost,P101,0.40795559666975023,0.4165427910287456,0.30638589894572005,0.4165427910287456,0.33628590231332867,1.8563905198197435
MHEALTH -> PAMAP2-6g,Magnitude - domain z-score,Chest acceleration,Chest acceleration,XGBoost,P102,0.5167910447761194,0.5335292522677703,0.4329587227340104,0.5335292522677703,0.45145477210454094,1.590659035363862
MHEALTH -> PAMAP2-6g,Magnitude - domain z-score,Chest acceleration,Chest acceleration,XGBoost,P105,0.5536013400335008,0.5409423565725074,0.4492043917036381,0.5409423565725074,0.4640036892224911,1.386500204634662
MHEALTH -> PAMAP2-6g,Magnitude - domain z-score,Chest acceleration,Chest acceleration,XGBoost,P106,0.3837638376383764,0.38868251020994765,0.3092362863745352,0.38868251020994765,0.3241017055018243,2.195753473518611
MHEALTH -> PAMAP2-6g,Magnitude - domain z-score,Chest acceleration,Chest acceleration,XGBoost,P107,0.4509394572025052,0.46037347213832375,0.3226488687628806,0.46037347213832375,0.33069684896641954,1.5153461436348625
MHEALTH -> PAMAP2-6g,Magnitude - domain z-score,Chest acceleration,Chest acceleration,XGBoost,P108,0.4438549955791335,0.46072634862025624,0.34369861810317176,0.46072634862025624,0.3615872201034232,1.66335373377479
MHEALTH -> PAMAP2-6g,Magnitude - domain z-score,Ankle acceleration,Ankle acceleration,XGBoost,P101,0.4616096207215541,0.47205307770976845,0.36831572372027294,0.47205307770976845,0.3598952607151178,1.681457636125374
MHEALTH -> PAMAP2-6g,Magnitude - domain z-score,Ankle acceleration,Ankle acceleration,XGBoost,P102,0.41511194029850745,0.4818144708981815,0.43323614063052157,0.4818144708981815,0.3465351402609915,1.9593845930416673
MHEALTH -> PAMAP2-6g,Magnitude - domain z-score,Ankle acceleration,Ankle acceleration,XGBoost,P105,0.509212730318258,0.49415672732310045,0.40057405084735626,0.49415672732310045,0.40436221791413846,1.6294795910746005
MHEALTH -> PAMAP2-6g,Magnitude - domain z-score,Ankle acceleration,Ankle acceleration,XGBoost,P106,0.559040590405904,0.5651961295500941,0.4266431610041475,0.5651961295500941,0.476705306624289,1.3875431743618205
MHEALTH -> PAMAP2-6g,Magnitude - domain z-score,Ankle acceleration,Ankle acceleration,XGBoost,P107,0.2839248434237996,0.4150683453742303,0.36746204365949614,0.4150683453742303,0.24738082755633897,2.279832326571698
MHEALTH -> PAMAP2-6g,Magnitude - domain z-score,Ankle acceleration,Ankle acceleration,XGBoost,P108,0.4969053934571176,0.5180170789784052,0.4131790272064797,0.5180170789784052,0.4167027868898128,1.5866011832438611
MHEALTH -> PAMAP2-6g,Magnitude - domain z-score,Ankle acceleration and gyroscope,Ankle acceleration and gyroscope,XGBoost,P101,0.47363552266419984,0.48610459995801203,0.4167471853476632,0.48610459995801203,0.39714707893339246,1.9481471123067398
MHEALTH -> PAMAP2-6g,Magnitude - domain z-score,Ankle acceleration and gyroscope,Ankle acceleration and gyroscope,XGBoost,P102,0.353544776119403,0.4230979275121231,0.3260514696768193,0.4230979275121231,0.317466500264551,2.389987182546464
MHEALTH -> PAMAP2-6g,Magnitude - domain z-score,Ankle acceleration and gyroscope,Ankle acceleration and gyroscope,XGBoost,P105,0.5577889447236181,0.5569463325625409,0.49167385089877663,0.5569463325625409,0.5023283663258308,1.8963987334811605
MHEALTH -> PAMAP2-6g,Magnitude - domain z-score,Ankle acceleration and gyroscope,Ankle acceleration and gyroscope,XGBoost,P106,0.5728782287822878,0.5765237256167647,0.5245057194122431,0.5765237256167647,0.5232617585248337,1.8166119471910411
MHEALTH -> PAMAP2-6g,Magnitude - domain z-score,Ankle acceleration and gyroscope,Ankle acceleration and gyroscope,XGBoost,P107,0.29123173277661796,0.4195614635791805,0.38058514599554427,0.4195614635791805,0.2676243826880441,2.7405531792692455
MHEALTH -> PAMAP2-6g,Magnitude - domain z-score,Ankle acceleration and gyroscope,Ankle acceleration and gyroscope,XGBoost,P108,0.48629531388152075,0.5072828604592751,0.4646094846546031,0.5072828604592751,0.4264465343394452,1.8921240150347283
MHEALTH -> PAMAP2-6g,Magnitude - domain z-score,Chest and ankle acceleration,Chest and ankle acceleration,XGBoost,P101,0.5309898242368177,0.5474287811354147,0.4676355253123911,0.5474287811354147,0.48348187460500885,1.3016223934971225
MHEALTH -> PAMAP2-6g,Magnitude - domain z-score,Chest and ankle acceleration,Chest and ankle acceleration,XGBoost,P102,0.5065298507462687,0.5395112888102492,0.4304460928327088,0.5395112888102492,0.46102322233057996,1.298854211895517
MHEALTH -> PAMAP2-6g,Magnitude - domain z-score,Chest and ankle acceleration,Chest and ankle acceleration,XGBoost,P105,0.5569514237855946,0.5305881315191358,0.42932234112397866,0.5305881315191358,0.4721195671397807,1.3733532167244227
MHEALTH -> PAMAP2-6g,Magnitude - domain z-score,Chest and ankle acceleration,Chest and ankle acceleration,XGBoost,P106,0.4252767527675277,0.4322093406648844,0.33947269661093493,0.4322093406648844,0.37191176983981283,1.6409510627314594
MHEALTH -> PAMAP2-6g,Magnitude - domain z-score,Chest and ankle acceleration,Chest and ankle acceleration,XGBoost,P107,0.453027139874739,0.5029907089318464,0.4052871829460023,0.5029907089318464,0.3917879025137472,1.524147285225825
MHEALTH -> PAMAP2-6g,Magnitude - domain z-score,Chest and ankle acceleration,Chest and ankle acceleration,XGBoost,P108,0.5190097259062776,0.5224150144357307,0.4486266171966536,0.5224150144357307,0.4632592383319089,1.3598657076628256
MHEALTH -> PAMAP2-6g,Magnitude - domain z-score,Full common configuration,Full common configuration,XGBoost,P101,0.5568917668825162,0.5732008153662748,0.5113645907473211,0.5732008153662748,0.493254988397021,1.376345110916771
MHEALTH -> PAMAP2-6g,Magnitude - domain z-score,Full common configuration,Full common configuration,XGBoost,P102,0.47947761194029853,0.516520290159537,0.4193303398663148,0.516520290159537,0.4155808336028579,1.4586993261024521
MHEALTH -> PAMAP2-6g,Magnitude - domain z-score,Full common configuration,Full common configuration,XGBoost,P105,0.5912897822445561,0.5635675942542359,0.5229065415690323,0.5635675942542359,0.49731531468187895,1.4510829533128287
MHEALTH -> PAMAP2-6g,Magnitude - domain z-score,Full common configuration,Full common configuration,XGBoost,P106,0.4289667896678967,0.4352508242700028,0.38930292374619807,0.4352508242700028,0.36797855600149343,1.8637133383001323
MHEALTH -> PAMAP2-6g,Magnitude - domain z-score,Full common configuration,Full common configuration,XGBoost,P107,0.4363256784968685,0.49570267510978633,0.46948366127406677,0.49570267510978633,0.3566077509741674,1.6824728609023158
MHEALTH -> PAMAP2-6g,Magnitude - domain z-score,Full common configuration,Full common configuration,XGBoost,P108,0.53315649867374,0.535867966572471,0.5168962346469335,0.535867966572471,0.4494675383639752,1.5273209450842322
MHEALTH -> PAMAP2-6g,Magnitude - CORAL,Chest acceleration,Chest acceleration,XGBoost,P101,0.4357076780758557,0.45691266220583976,0.3756327818012332,0.45691266220583976,0.4041757569034749,1.370415557217006
MHEALTH -> PAMAP2-6g,Magnitude - CORAL,Chest acceleration,Chest acceleration,XGBoost,P102,0.5559701492537313,0.578944000597824,0.46701311829394826,0.578944000597824,0.49758198009903665,1.2315569677647031
MHEALTH -> PAMAP2-6g,Magnitude - CORAL,Chest acceleration,Chest acceleration,XGBoost,P105,0.5703517587939698,0.5472095008345158,0.49752806050090803,0.5472095008345158,0.48600549676661764,1.2481789340807035
MHEALTH -> PAMAP2-6g,Magnitude - CORAL,Chest acceleration,Chest acceleration,XGBoost,P106,0.2896678966789668,0.2874159804800311,0.22186131177242432,0.2874159804800311,0.23570865297855348,2.1594100795663054
MHEALTH -> PAMAP2-6g,Magnitude - CORAL,Chest acceleration,Chest acceleration,XGBoost,P107,0.3173277661795407,0.40895778472081973,0.36093241077634675,0.40895778472081973,0.27575916979551024,1.787010395147241
MHEALTH -> PAMAP2-6g,Magnitude - CORAL,Chest acceleration,Chest acceleration,XGBoost,P108,0.3616268788682582,0.3637491340856816,0.2658996635478244,0.3637491340856816,0.3012345105697117,1.6908900324248057
MHEALTH -> PAMAP2-6g,Magnitude - CORAL,Ankle acceleration,Ankle acceleration,XGBoost,P101,0.4431082331174838,0.45332088591714975,0.31711910039469626,0.45332088591714975,0.341556562380324,2.2017402482918946
MHEALTH -> PAMAP2-6g,Magnitude - CORAL,Ankle acceleration,Ankle acceleration,XGBoost,P102,0.3843283582089552,0.45077491064273784,0.3107544132323868,0.45077491064273784,0.32319253263730485,2.4141297146552367
MHEALTH -> PAMAP2-6g,Magnitude - CORAL,Ankle acceleration,Ankle acceleration,XGBoost,P105,0.5159128978224455,0.4956589528964175,0.4701420454119198,0.4956589528964175,0.4156248641695341,1.8030394110784032
MHEALTH -> PAMAP2-6g,Magnitude - CORAL,Ankle acceleration,Ankle acceleration,XGBoost,P106,0.5959409594095941,0.601022801807406,0.4732278318392349,0.601022801807406,0.5135177376568181,1.5325282134370608
MHEALTH -> PAMAP2-6g,Magnitude - CORAL,Ankle acceleration,Ankle acceleration,XGBoost,P107,0.24217118997912318,0.38705873817670694,0.23506395230982088,0.38705873817670694,0.20809853079088722,3.0947718490916682
MHEALTH -> PAMAP2-6g,Magnitude - CORAL,Ankle acceleration,Ankle acceleration,XGBoost,P108,0.4624226348364279,0.48887831452663916,0.36522258172267397,0.48887831452663916,0.38772154562247224,1.9493932700906769
MHEALTH -> PAMAP2-6g,Magnitude - CORAL,Ankle acceleration and gyroscope,Ankle acceleration and gyroscope,XGBoost,P101,0.5374653098982424,0.5587849245683786,0.4837914315092792,0.5587849245683786,0.512209713588128,1.786208781216109
MHEALTH -> PAMAP2-6g,Magnitude - CORAL,Ankle acceleration and gyroscope,Ankle acceleration and gyroscope,XGBoost,P102,0.4533582089552239,0.4880683247393689,0.402241178571013,0.4880683247393689,0.4261802895710121,1.9117854178585134
MHEALTH -> PAMAP2-6g,Magnitude - CORAL,Ankle acceleration and gyroscope,Ankle acceleration and gyroscope,XGBoost,P105,0.6733668341708543,0.6528198582957644,0.5661665979334077,0.6528198582957644,0.6003225638131836,1.4815660566552393
MHEALTH -> PAMAP2-6g,Magnitude - CORAL,Ankle acceleration and gyroscope,Ankle acceleration and gyroscope,XGBoost,P106,0.6328413284132841,0.6339419210613729,0.5969703754883395,0.6339419210613729,0.5938908651449241,1.5704426827648525
MHEALTH -> PAMAP2-6g,Magnitude - CORAL,Ankle acceleration and gyroscope,Ankle acceleration and gyroscope,XGBoost,P107,0.44467640918580376,0.44184140732392035,0.4093226602676116,0.44184140732392035,0.4016216979956928,1.9734862453694613
MHEALTH -> PAMAP2-6g,Magnitude - CORAL,Ankle acceleration and gyroscope,Ankle acceleration and gyroscope,XGBoost,P108,0.5702917771883289,0.5717055669365562,0.5256790647844888,0.5717055669365562,0.5182408719284395,1.5950082363904265
MHEALTH -> PAMAP2-6g,Magnitude - CORAL,Chest and ankle acceleration,Chest and ankle acceleration,XGBoost,P101,0.3996299722479186,0.41332665329983076,0.5129270370119708,0.41332665329983076,0.31739185282991855,1.7358520517151053
MHEALTH -> PAMAP2-6g,Magnitude - CORAL,Chest and ankle acceleration,Chest and ankle acceleration,XGBoost,P102,0.2994402985074627,0.37664369834778566,0.305379151388137,0.37664369834778566,0.22097770546539275,2.061218079332486
MHEALTH -> PAMAP2-6g,Magnitude - CORAL,Chest and ankle acceleration,Chest and ankle acceleration,XGBoost,P105,0.42629815745393634,0.40804287776386694,0.4281247558178813,0.40804287776386694,0.29887220104092777,1.6794479664605786
MHEALTH -> PAMAP2-6g,Magnitude - CORAL,Chest and ankle acceleration,Chest and ankle acceleration,XGBoost,P106,0.474169741697417,0.46483544884385425,0.5705942233792495,0.46483544884385425,0.34957496158157797,1.7997689068739866
MHEALTH -> PAMAP2-6g,Magnitude - CORAL,Chest and ankle acceleration,Chest and ankle acceleration,XGBoost,P107,0.2630480167014614,0.38628607734720016,0.3628848966031702,0.38628607734720016,0.19151736502335,2.630061957906691
MHEALTH -> PAMAP2-6g,Magnitude - CORAL,Chest and ankle acceleration,Chest and ankle acceleration,XGBoost,P108,0.34924845269672855,0.3874368775489863,0.4469293409202706,0.3874368775489863,0.24806990226739992,1.846077046568771
MHEALTH -> PAMAP2-6g,Magnitude - CORAL,Full common configuration,Full common configuration,XGBoost,P101,0.637372802960222,0.6602380258937365,0.6389132713909716,0.6602380258937365,0.6081214373063076,1.6667005986450527
MHEALTH -> PAMAP2-6g,Magnitude - CORAL,Full common configuration,Full common configuration,XGBoost,P102,0.6427238805970149,0.6510004465673135,0.5845643687416524,0.6510004465673135,0.6122258838055968,1.415246313781954
MHEALTH -> PAMAP2-6g,Magnitude - CORAL,Full common configuration,Full common configuration,XGBoost,P105,0.7353433835845896,0.7200162952962857,0.6598814629233027,0.7200162952962857,0.6759650833750118,1.3210639024682105
MHEALTH -> PAMAP2-6g,Magnitude - CORAL,Full common configuration,Full common configuration,XGBoost,P106,0.6217712177121771,0.6256756296574002,0.6041825496979248,0.6256756296574002,0.5990445302523385,1.5522199033607516
MHEALTH -> PAMAP2-6g,Magnitude - CORAL,Full common configuration,Full common configuration,XGBoost,P107,0.6471816283924844,0.6534968607541974,0.6650488768256898,0.6534968607541974,0.6246777694558211,1.6264674920618154
MHEALTH -> PAMAP2-6g,Magnitude - CORAL,Full common configuration,Full common configuration,XGBoost,P108,0.6162687886825818,0.6208802166730035,0.5425177066508414,0.6208802166730035,0.5631160464630381,1.5495475987540315
